題目,答案,連結
請問是誰在2012年的LNG中分享，他在所有配音員面前要吹蠟燭的時候，不小心講出「我催」?,咩姐,"23:30
https://www.youtube.com/watch?v=_YRjsZnhuiE&t=1411s"
"請問下列哪一個類型的阿嬤沒有出現在鳥屎與小熊等人他們一開始的討論中?
(A)搶劫阿嬤
(B)扒手阿嬤
(C)碰瓷阿嬤
(D)軍火阿嬤",(A) 搶劫阿嬤,"24:27
https://www.youtube.com/watch?v=qVlanuaitw8&t=1486s"
請問六嘆說他收到最離譜搞錯的信是某高中畢聯會邀請他協助製作畢業影片，但提到的是某位資深藝人的名字，請問這位藝人是誰?,孫燕姿,"11:35
https://www.youtube.com/watch?v=qHmzx-3B2Qk&t=695s"
請問鳥屎說可口可樂的纖維+必須要在看什麼的路上的seven才買的到?,雨港基隆,"10:00
https://www.youtube.com/watch?v=AZ8lmKniT3o&t=600s"
"請問鳥屎曾經提過如果在山下承受過最大風速是10級的話，那在文化大學仇人坡的級數是多少呢?
(A)4千級
(B)1萬級
(C)6萬級
(D)12萬級","(C)6萬級
","14:09
https://www.youtube.com/watch?v=Uzde33aQaY8&t=832s"
鳥屎曾經吃過一個chili的罐頭，吃的時候覺得這罐的大紅豆口感好不一樣，結果發現包裝上寫著 No Beans，請問這個罐頭已經過期幾年了?,3年,"7:54
https://www.youtube.com/watch?v=63IUEkFF6oU&t=474s"
請問老王說如果修仙的話，她很想學哪個法術?,淨身術,"11:13
https://www.youtube.com/watch?v=1E-yb2LyLWU&t=672s"
請問小嘟撒和媽薄分別是什麼意思?,小蘇打、八毛,"0:51
https://www.youtube.com/watch?v=6Uvi32DxD48&t=51s"
鳥屎曾經遇過一位計程車司機，找不到路又不裝導航，好不容易找到路，還故意等到計程車的表跳了一下才停下來，請問六嘆形容他小時候一定是怎麼樣的人?,老師說作文寫到第十行，他第十行就會是個句點的那種人。,"14:04
https://www.youtube.com/watch?v=jLpgrphon0M&t=843s"
請問Leggy是如何形容手搖飲中的微糖含有多少的糖?,一個花園精靈宿醉的時候吐出來的量,"2:56
https://www.youtube.com/watch?v=-N0yy58jSFw&t=176s"
"當小六分享說隔壁鄰居的小孩會尖叫吵著我不要穿衣服，老王提議說小六也可以尖叫:「我不要___!」
請問老王提議的那句話是什麼?",我不要漲房租,"4:43
https://www.youtube.com/watch?v=Xqj2PJ42bm8&t=284s"
請問施油刊昆甲匹丁料的答案是什麼?,布,"5:36
https://www.youtube.com/watch?v=oAgUWPbYrHc&t=336s"
"在懶熊剪的殘酷二選一精華中，請問哪個生物並沒有出現在對話中?
(A)山羊
(B)X教授
(C)劍龍
(D)長頸鹿
",(D)長頸鹿,"山羊2:17 劍龍3:59 X教授7:34
https://youtu.be/fF44QJiW1wI?si=mMHeLS8PD7TL_RGT"
請問鳥屎說什麼樣的蛋餅就是垃圾蛋餅?,鮪魚蛋餅裡面加洋蔥和美乃滋鋪鮪魚醬,"7:44
https://www.youtube.com/watch?v=ZEnj5v5KYzY&t=464s"
請問小六在懶熊剪的猜人名決定戰2中說出「他很能打嗎?」的那題的答案是什麼?,妙蛙種子,"1:07
https://www.youtube.com/watch?v=uJ_zrHcRrQU&t=67s"
請問在鳥屎因為登不進FB而煩惱的時候，Leggy除了建議使用密碼管理軟體以外，還在旁邊唱歌的歌名叫什麼?,I want it that way,"6:47
https://www.youtube.com/watch?v=HI2iJ4G74n4&t=407s"
請問小六的大腿不小心私訊了一個常拍辣妹照的網紅一個什麼樣的表情符號?,紫色小惡魔表情符號,"15:28
https://www.youtube.com/watch?v=2hUPYcyOxOM&t=928s"
請問有一次李迅問睡覺的八毛去seven要幫忙買什麼嗎，八毛說要買什麼?,彩虹環,"0:29
https://www.youtube.com/watch?v=wZfZ6Hzw0cg&t=29s"
"請問下列哪個政見是由老王提出的?
(A) 早餐店的營業時間輪流延長
(B) 所有糾紛以伊澤瑞爾中路單挑決定
(C) 如果小孩偷籃球機的籃球出來玩，要罰100萬
(D) 按人家家的電鈴不能按超過兩秒
",(C) 如果小孩偷籃球機的籃球出來玩，要罰100萬,"16:52
https://www.youtube.com/watch?v=aa5Y_6GJpP0&t=1011s"
老王在某次精華中不小心講了一句話，她威脅懶熊不準把它剪出來，但懶熊在一開頭就直接放出來了。請問老王說的那句話是什麼?,我大便在褲子上,"0:00
https://youtu.be/puiT_s_Ja8g?si=MUyjIlG-ISleh9H3"
"請依照上下文依序填空
六嘆:我做__(2個字)    徹底    🚗吧
Leggy:你幹嘛wwwww
六嘆:車了    很__(2個字)   蒯    快
Leggy:你喝醉喔XDDD
六嘆:好_(1個字)
",演出、蒯二、脹,"4:42
https://www.youtube.com/watch?v=Drd37a70J_s&t=282s"
請問在情人節，八毛和小六他們是去哪裡吃壽司?,藏壽司,"6:21
https://www.youtube.com/watch?v=VdR7PKmbaEc&t=381s"
請問鳥屎以前在澳美客上班的時候，東西沒了要說什麼?,要說86,"11:32
https://www.youtube.com/watch?v=aK5Bm2wlBYs&t=692s"
請問鳥屎和老王去韓國吃一隻雞的時候，是什麼東西會在鍋底一直的分裂，所以最後又是剪刀石頭布，輸的把它吃完?,馬鈴薯,"6:40
https://www.youtube.com/watch?v=TMosalsZ6C0&t=400s"
請問老王的饒舌名是什麼?,Turtle G,"2:45
https://www.youtube.com/watch?v=1ZRRJMVEj_k&t=165s"
請問在酒吧診所中，觀眾說妹仔針是什麼?,生理食鹽水,"12:01
https://www.youtube.com/watch?v=0VkeMd-hNnI&t=721s"
請問六嘆在2025年收到過哪個藝人的詐騙侵權警告?,Hebe Tien 田馥甄,"21:33
https://www.youtube.com/watch?v=94DZTOnGqWQ&t=1293s"
請問 Angelica 是什麼中藥材的英文?,當歸,"21:40
https://www.youtube.com/watch?v=VM9tLAl-9h8&t=1304s"
請問老王他們是去看什麼電影?結果因為太晚去加上工作人員劃錯位，所以沒看到。而且本來無限期的團體兌換卷變成4個月期限的免費兌換卷，然後餐也沒換到。,刀劍神域劇場版：序列爭戰,"1:15
https://www.youtube.com/watch?v=MNI-g9GgnSw&t=74s"
八毛在明治神宮因為沒有零錢，所以直接投了100塊進去，許了20個願，請問這20個願都是什麼?,要金變,"13:00
https://www.youtube.com/watch?v=2SR-0FfXUF0&t=780s"
"小六有一次去游泳的時候看到現實世界的bug，所以覺得這世界是虛擬的，請問他看到什麼bug?
",有一個人本來在外面打遊戲，在小六進蒸氣室的時候，他也進來，結果小六出來蒸氣室沖洗過後，發現那個人坐在原本那個地方用一樣的姿勢打遊戲，而且身體還是乾的，疑似是分身。,"15:10
https://www.youtube.com/watch?v=5kuRF9N6m4E&t=910s"
"請問下列哪個人跟八毛同一天生日?
(A)空之英秋
(B)聖結石
(C)重野秀一
(D)J·K·羅琳
",(B)聖結石,"23:04
https://www.youtube.com/watch?v=nZSSQxgF01M&t=1384s"
請問老王說她人生敢喝的只有哪一家的豬肝湯?,"大橋頭米糕","13:02
https://www.youtube.com/watch?v=MG3-uugp-f0&t=782s"
鳥屎說歐陽鋒如果當初聞過小六的什麼，可以一招就把郭靖幹掉?,小六的床墊,"19:09
https://www.youtube.com/watch?v=goXwSoeRdak&t=1149s"
"請問依照LNG中秋佳節聯歡晚會企劃書的內容，以下何者為正確?
(A)可以直接搭計程車到田季發爺
(B)網拍女王陳昭君負責網購木炭和烤肉網
(C)董事長會贊助PS5作為摸彩獎品
(D)南部野人是小六
",(B)網拍女王陳昭君負責網購木炭和烤肉網,"3:30
https://www.youtube.com/watch?v=-3qLZ96kSTM&t=210s"
請問ㄨㄐㄗㄉㄩㄙ是哪部電影的注音簡稱?,玩具總動員4,"7:32
https://youtu.be/uyJ5tyRiwcs?si=VlXgmHn8gZ5-MFPs&t=452s"
聽到有人會割開坐墊性侵機車，小六說要放什麼東西在坐墊裡?,鉛塊,"2:27
https://youtu.be/3nd0M8_9xVA?si=Ckk9-ny-dkhma_FN&t=147s"
請問是誰跟老王說  不要顧慮我啦 ?,老王的哥哥,"3:47
https://youtu.be/EtKL79NI24k?si=gH5dkXAeS7zV1Y90&t=227s"
請問六嘆說王媽媽排球隊隊衣的字可以寫什麼?,吃べ,"17:09
https://www.youtube.com/watch?v=tiF4-Qtzw8c&t=1029s"
"請問下列哪個選項並不是眾人跟小六推薦打疫苗要打的?
(A)AZ
(B)ARAM
(C)Apex
(D)以上皆非",(A)AZ,"7:30
https://youtu.be/pI1d3yaM8mM?si=Z1n9z68nLyhPVhl-&t=450s"
請問鳥屎幼稚園寫的志願是什麼?,妙奇牛排館的廚師,"3:01
https://youtu.be/hG0eD1qUrmI?si=6iH5MACkj2gTOvp8&t=181s"
如果六嘆開一個咖啡館的話，店名會叫什麼?,大罵咖啡館,"3:03
https://youtu.be/_y3RdtyPH18?si=1WxMhx4ApLtrdoG6&t=183s"
老王有一次在飲料店點了 [外交官的白鬍子] ，但店員直接說了它的一般的名字，讓老王很受傷，請問它代表了什麼飲料?,鮮奶茶,"11:36
https://youtu.be/4qXCF649B4w?si=kN6m7j_LjkDGVmJa&t=696s"
請問六嘆要Leggy用吃到好吃東西的聲音模仿暗黑地層裡女殭屍米拉說的哪句台詞?,阿~海德格，救我,"12:09
https://youtu.be/ary3Rm0NiAE?si=oTgo4hc0jaOZIoBo&t=729s"
老王問說有人可以一起玩遊戲嗎?八毛回了: [KPD]，請問KPD是什麼意思?,可陪打,"0:30
https://youtu.be/aZu-MKaQFNU?si=GBVhZMoqSJv0-Yuc&t=30s"
請問八毛最想要在當兵的時候吃什麼配白飯、配饅頭?,榮譽假,"17:27
https://youtu.be/_55WGwyp5j4?si=3ZjtWWRAYF-h9a1L&t=1047s"
六嘆小時候曾經在吃牛排的時候，因為肉太韌，所以肉從刀子彈掉，整塊肉直接san到臉上，而且因為它是加什麼醬，所以整個晚上都在流淚?,黑胡椒醬,"15:02
https://youtu.be/JnZwKOlRRbc?si=lZmGZUlnYjROsyvJ&t=902s"
請問觀眾曾經提問過LNG的前身是什麼?,六鳥花電台,"1:54
https://youtu.be/gbDg3LJBiR8?si=VVNkItO9vNprRimV&t=114s"
鳥屎以前宿舍裡面睡得最誇張的人，甚至有一次需要用打火機燒他懶毛的是誰?,門把,"18:27
https://youtu.be/4jULheQueKg?si=yrLbXiuqk3yY2BYf&t=1107s"
請問八老爺天地的答案是什麼?,王,"26:41
https://youtu.be/c4upbVbwCe0?si=GbKPQpjmidMx_WFE&t=1601s"
鳥屎說打工的時候，客人沒吃完的甜點他還是照吃，就連客人吃過的地方也照吃，原因是什麼東西可以殺菌?,好吃度可以殺菌,"9:19
https://youtu.be/yF_SYe1bzG8?si=-NdyPuPe-JdTSzIt&t=559s"
請問在老王給大家聽把最後一顆伊娃泡芙打開的聲音之後，八毛給大家聽什麼聲音?,沒有伊娃泡芙吃的聲音,"2:19
https://youtu.be/R16Sbt4nLnY?si=s6nkkTBF-Gon0M8d&t=139s"
"下列哪一個俗語配對錯誤?
(A)同事去夜唱不找小六－乏人問精(B)排不到假－家家有本難念的精
(C)小六去手槍店－林森北取精(D)按月計薪水－月精
(E)小六出門踩到大便－大吃一精(F)小六被開除－活該
(G)被停職－廢物精(H)幫同事打蜘蛛－工具人
",(D)按月計薪水－正職精,"0:12
https://youtu.be/m6xP78ucbcs?si=IOZans7q_RSU31Pd&t=12s"
請問老王以前很常看哪一部作品看到睡著?,火影忍者,"4:17
https://www.youtube.com/watch?v=b_cO2CVXr5g&t=257s"
請問Leggy小時候想當誰的新娘?,葉王的新娘,"4:24
https://youtu.be/hG0eD1qUrmI?si=vNW3I19NEnF0Op3r&t=264"
"在 LNG日常#1 幫肥宅搬家 影片中，以下敘述何者錯誤?
(A)六嘆和鳥屎一直說要開e-sport主題餐廳
(B)六嘆非常明顯地抓了兩次腋下
(C)六嘆被電梯夾到
(D)他們忘了拿啞鈴
",(D)他們忘了拿啞鈴,"0:00
https://youtu.be/_DIk6z8unxU?si=IezogqnT78Heums9"
老王曾經去曲臣氏買唇膏時，在場其他三個人都有認出老王，請問老王是去買的唇膏叫什麼名字?,謎樣裸玫瑰,"5:20
https://youtu.be/sEgifiUn7zY?si=XNOYPwT2aIa3iiJf&t=320s"
請問Leggy以前吃營養午餐的時候會拿珍珠奶茶來做什麼，讓聊天室從[有有有]變[⋯⋯]?,拿珍珠奶茶來泡飯,"2:28
https://youtu.be/QLJKrSb78os?si=TVyeGJGawM-GQ5D_&t=148s"
老王有一次想要找鳥屎簽名，所以密他說:「鳥屎，這禮拜有機會見到面嗎?」但鳥屎覺得這聽起來超像在找他幹嘛?,約砲,"5:39
https://youtu.be/gQ8-e6Ewuac?si=1_WbFOI68gbC88PO&t=339s"
是誰在小六上班的時候，在他耳邊講:「我是__。」,無星,"2:15
https://youtu.be/GMCYa9BGshg?si=KJyvg6tQr0goQygy&t=135s"
有一次Leggy在TGS邊等六嘆邊看星海的比賽，但因為隔壁攤位太吵，所以都聽不到主播的聲音。請問隔壁攤位是哪款遊戲?,神魔之塔,"0:25
https://youtu.be/x07Blnn-ZpI?si=P0PEQGxCdXEfomOZ&t=25s"
在LNG  2019年中秋聚會的桌上都擺著哪個品牌的手搖飲，讓觀眾懷疑是否是業配?,可不可,"1:27
https://youtu.be/ZLcsskS_PDs?si=faPkAHcvw_sjL6ql&t=87s"
請問如果斗內鳥屎的台十萬美金，鳥屎會幫你做什麼事情?,"預購GTA5加到府安裝steam
把遊戲安裝好再把新手教學跑完","3:07
https://youtu.be/11xG5ONx6WE?si=xxBRrtqIzXaUPSTE&t=187s"
"請問在精華中會在影片下方使用類似DC跳跳功能來展示誰在說話，並且在影片中還會插入一些小動畫的頻道是哪個?
(A)玉子燒
(B)嘎特
(C)自由的蘋果
(D)泰山娃娃
",(C)自由的蘋果,"0:00
https://youtu.be/_yizV37Gwq0?si=GkxDBq16Pi7b7LIz"
鳥屎提議猓玀苑的尾牙抽獎抽PS5和Switch，大家都很開心，但是有兩個人表示還好，請問這兩個人是誰?,阿北和Fick,"2:19
https://youtu.be/i6aR6qb_jQ8?si=I4Wd5Yuz5kuOGQRP&t=139s"
"請問鳥屎說他好像只要跟神燈精靈要多少錢他就滿足了?
(A)1千萬
(B)3千萬
(C)5千萬
(D)6千萬
",(B)3千萬,"0:47
https://youtu.be/1sMPKRnFnMI?si=ZPOFZ98aCdHvN1SF&t=47s"
請問老王他們2025年在參加twitch舉辦在旭集的聚會時，是選擇做高調區還是低調區?原因是甚麼?,高調區，因為他們覺得低調區會被分配到比較偏遠的位置，但他們最後還是被安排在了比較遠的地方。,"20:35
https://youtu.be/S07OabxQDPk?si=GCju2KgHyXKzt5UP&t=1235s"
請問鳥屎推測在排練自由新鎮時，排練場地板上的毛是誰的?,阿北,"8:35
https://youtu.be/WDgbvnt1wN4?si=4T7R2GsO7fj9DjGH&t=515s"
"請問鳥屎在唱新不了情的時候並沒有模仿哪位藝人?
(A)蕭敬騰
(B)李聖傑
(C)盧廣仲
(D)曾聖傑

",曾聖傑,"0:00
https://youtu.be/vyRgZz2jGJk?si=oTk8Uvk4dz8Ha-0o"
閻孝國!!!他不是____!!!，請問空格裡的人名是甚麼?,孫文,"0:00
https://youtu.be/12NMZ-IHT0g?si=16yViLJ9yEpUBDAv"
請問一個外國人幫老王取的西班牙名字叫甚麼?,Juliana,"3:24
https://youtu.be/KXEDZunRsCY?si=BzlR3IiIshc8_FyF&t=204s"
請問在變聲器之亂中，六嘆用超低、像獸人的聲音一直重複說的英文單詞是什麼?,Rebound,"1:28:49
https://youtu.be/qicTVFBnyyM?si=p9b9hG-BYNMtZUwn&t=5329s"
請問小六變胖是哪家店至少要負一半的責任?,鑫記,"25:34
https://youtu.be/mdRN5z0nfYM?si=UjR6bvmx31QypNaj&t=1534s"
"請問老王看完懶熊剪的急智歌王精華後，看到豆子就想唱:
__也難吃~__也難吃~。請完成歌詞，並且請問誰是原唱?","長豆也難吃~豌豆也難吃~
原唱是Leggy","0:37
https://youtu.be/wZApC_UB3go?si=R3kl-FcZSFTl0a7X&t=37s"
請問在申請錄取正式加入豬魔聚會時，自我錄製的評選影片是否會採計飲料?為什麼?,不會，以防有人把飲料調包，例如把可樂換成zero之類,"5:42
https://youtu.be/ppaI1jRJJL8?si=6-cLoCBqpetv3uHP&t=342s"
當歌唱指導老師要求老王唱歌時，可愛度要增加3~4倍，這件事讓老王體會到什麼人生道理?,你所有學到的技能都一定會在人生的某個時刻幫助到你。,"9:54
https://youtu.be/i6aR6qb_jQ8?si=7OchMy828mht-cx2&t=594s"
鳥屎有一個國中同學叫色貓，請問他看到哪一位藝人會拉肚子?,郭品超,"15:44
https://youtu.be/KXEDZunRsCY?si=2UAiZHLvZ7Rxrdo_&t=944s"
老王有一次叫uber，但司機停在離老王3分鐘以內的地方在消毒，請問為什麼？,因為前一個客人打嗝太臭了,"0:11
https://youtu.be/Otjbc58FLvo?si=IHO131xON75V4A4u&t=11s"
"小六怒吼:為什麼不買兩盒阿!!!老王!(#`Д´)ﾉ
這邊的兩盒請問是指在哪個國家的什麼物品?
",韓國的豆沙包,"5:45
https://youtu.be/q0TsFZUBgQA?si=i4TG1-C5DK8F4zZK&t=345s"
"以下嘴ㄆㄧㄚ和講錯配對，何者錯誤?
(A)把阿狗講成阿北-鳥屎
(B)給六嘆看講成給六看-Leggy
(C)把小六講成小M-鳥屎
(D)把綠豆講成綠透-鳥屎
",把阿狗講成阿北是老王,"14:04
https://youtu.be/lnPjf0Wktak?si=qKEwMg2iIMENAjyw&t=844s"
請問是玩什麼遊戲裡面的LNG粉絲為了辨識是不是自己人，所以都要脫褲子?,H1Z1,"18:59
https://youtu.be/hG0eD1qUrmI?si=28kaE3gVwEv-owNP&t=1139s"
請問老王說早知道他是高中生的時候就租一間套房，讓高中生有地方打炮，並且一個小時300還附贈什麼飲料?,麥香紅茶,"13:55
https://youtu.be/yyWFYHYlF4w?si=XiQFAFEozARQo0iP&t=835s"
請問是什麼遊戲很強，讓小六的Twitch獎盃可以三倍速拿到?,楓之谷,"1:57
https://youtu.be/yV_6XgbYfn8?si=y5DXqdJd02Bx0yA7&t=117s"
請問老王親戚的小孩已經不會互相吹噓了，而是會在過年的時候做什麼事？,趁別人不注意的時候，放BLACKPINK的歌直接跳起來,"9:00
https://youtu.be/Npqq0o35xt8?si=DYfzixFXXmfaSmfQ&t=540s"
老王跟Abby在上表演課的時候，Abby打電話給Rami說:「喂，阿咪喔。」但他講太快，所以老王聽成什麼?,喂 Amigo,"55:27
https://youtu.be/JfgjGCmOfzI?si=N8nUQy0ic4kC9de8&t=3327s"
請問魯蛋一直跟六嘆講說還有什麼遊戲可以玩喔，還有哪一款遊戲送你喔?,刺客教條、Watch Dog,"2:56
https://youtu.be/11xG5ONx6WE?si=xrDVChVfy0tXjcAW&t=176s"
"請閱讀以下文字回答問題
小六:反正我們就在講說要把一條網路退掉，然後從頭到尾都在講網路的事。我就說一句:「我的約要到明年阿。」他就說一句:「什麼東西約啊? 房子喔?」
淦 ㄊㄇ從頭到尾都沒提到房子都在講網路，他給我突然跳到那裡去。
老王:真的是豆頁超痛，睡到腦子都壞了。
請問文中的「他」是指誰?",八毛,"1:49
https://youtu.be/MOWm4gelL1A?si=dnrUAgnFY15GhVlY&t=109s"
請問是誰在精華中一直用語調上揚的口氣講大便(゜皿。)，然後突然停下來用非常嚴肅的口氣說:「我剛剛一瞬間想到自己要34歲了。」,六嘆,"23:16
https://youtu.be/Zku5TM9CrAE?si=bf9pvY8fedhwEVk8&t=1396s"
"請問下列哪個人不是鳥屎?
(A)拍昆蟲廣告的人
(B)粗根肉男噴射
(C)蝦愛橘子
(D)在廁所抽衛生紙的人
",在廁所抽衛生紙,
請問誰在現在宅知道中表示自己曾在高鐵上聽LNG聽到忍不住抖了一下？,臺南josh,"2:26
https://youtu.be/agXIavylZrU?si=dbl2QmqkyecZlYjC&t=146s"
"請完成以下句子：
六嘆是不是在__(兩個字)/我求求你聽一下__asmr(兩個字）
那個不算__(兩個字)/我有_(一個字)有_(一個字)，你就說我要__(兩個字)
",生氣/龜狗/春酒/刀 槍 殺人,"龜狗ASMR
https://youtu.be/hQzsbysVlpQ?si=s5nAueerIzySAPfR"
"請問下列哪句臺詞並沒有出現在2020年LNG之歌裡?
(A)帥哥的家，帥哥的第一個家
(B)很高欸那個塔
(C)還有忌有碼AV喔，想看有碼的還不行
(D)啊我沒死啦沒有綽啦
",(A)帥哥的家，帥哥的第一個家(只出現在2025年版裡),"1:20
https://youtu.be/kGtG0LmknZU?si=ZcshBI-dT3VOE_oR&t=80s"
"請問下列的嘴ㄆㄧㄚ和講錯配對，何者錯誤?
(A)大起大落講成大富大貴-鳥屎
(B)抽獎講成周獎-老王
(C)碳排放量講成踏扒飯量-老王
(D)筷子講成筷使-八毛
",(A)大起大落講成大富大貴-老王,"13:02
https://youtu.be/p-bP6LtUcis?si=-K1YItAl-V721oLZ&t=782s"
請問控肉飯精靈只能提供什麼和什麼?,控肉飯和雞腿便當,"0:30
https://youtu.be/bCBcH5IXPEg?si=IT8Y-dmuE6I1j9gE"
請問老王在2025年另外創的巴哈帳號叫什麼?,rou geng mian(肉羹麵),"0:20
https://youtu.be/jVPV8eR6Mpk?si=UehOxeWESwthCOY3&t=20s"
請問誰是實況界的度量衡?,解婕翎,"0:18
https://youtu.be/R2P7H0duuAM?si=7SoznD3c_UzOgJut&t=18s"
"在急智歌王中，鳥屎吉他只會彈什麼歌的旋律?
",五月天-擁抱,"3:40
https://youtu.be/8gQ5eOo7NLo?si=mw1v_ivK9YvMOkT8&t=220s"
請問老王有一次在打LOL的時候不小心把誰的Skype洩漏出來?,MiSTakE,"15:11
https://youtu.be/_95fIiUOIfQ?si=MqfLdr0Po_Dw7Xv-&t=911s"
"請問下列的嘴ㄆㄧㄚ和講錯配對，何者錯誤?
(A)皰狀帶疹-Leggy
(B)窗西裝外套-鳥屎
(C)台南講成台年-老王
(D)馬尬龍-六嘆
",(B)窗西裝外套-六嘆,"9:53
https://youtu.be/2pnCJHK3Q5A?si=_1kXnsPbNRMgJfu1&t=593s"
"請完成以下句子，含標點符號總共74個字。
蘇志祥__________________________________?","蘇志翔因為人生的變化,所以變得更珍惜每分每秒,他嘗試各種不同的工作,讓自己的人生更精彩豐富,有著多采多姿生活的他,今天能帶給我們,什麼樣的好歌聲呢?","0:45
https://youtu.be/IxtyiA_PyqQ?si=z2IzkDrR-FdGuoEe&t=45s"
請問是哪位實況主很瘦被六嘆稱為骷髏弓箭手，並且指出他明明這麼瘦下午茶還是吃什麼食物?,小熊  下午茶吃牛排,"17:06
https://youtu.be/MOWm4gelL1A?si=NTdEG6d28EBg92SC&t=1026s"
請問鳥屎教六嘆用調理包煮羊肉咖哩的步驟，被六嘆簡化成什麼口訣?,炒馬丟羊倒調,"14:56
https://youtu.be/gyfv0F-Negw?si=l1bmnOu7ium-5OS5&t=896s"
請問鳥屎模仿黴菌被地震震醒後，感染番茄時的聲音，Leggy說很像什麼?,好像除蟲廣告的蟑螂,"4:02
https://youtu.be/hcAluNFA0Lk?si=l5vd8kgIrcLYRxKI&t=242s"
請問PM2.5的老二精蟲出不來的話，鳥屎說就學獵人裡面的誰?怎麼解決?,學窩金喝啤酒把它尿出來,"3:25
https://youtu.be/zH7jRdJXPWI?si=wyVWE5wo6SKPcCKK&t=205s"
請問老王問李迅新鄰居怎麼樣?吵不吵?的時候，李迅對新鄰居的評價是什麼?,新鄰居蠻潮的,"5:36
https://youtu.be/YPbuTe3Xeow?si=uk1pBaQ0vxwT5kZR&t=336s"
"請問下列老王是下列哪個惡魔果實能力者?
(A)拖拉果實
(B)懶豬果實
(C)鐵膀胱果實
(D)小確幸果實
(E)以上皆是
","(E)以上皆是","13:57
https://youtu.be/b_sKCFQMXRs?si=2hYX5LRyuwkvTMC_&t=837s"
鳥屎聽到隔壁鄰居在吵架，吵到最後，男生要睡覺了，女生說了一句:「你真的很扯欸，你現在跟我說分手，然後我還要睡你旁邊，這根本就____嘛。」,同床異夢,"0:37
https://youtu.be/udkZTLyZUPY?si=yVfbh-3cn0IRqZpN&t=37s"
"從未失去、醜男、定存仔
請問上述關鍵字皆是從哪個桌遊衍伸出來的?",印加寶藏,"0:00
https://youtu.be/hVrIZtgXXPY?si=G19cYTEOhaTeUxg8"
請問鳥屎形容Fick長得像什麼中國古典小說的人物?,魯智深,"6:28
https://youtu.be/V2tRvUDM_70?si=bZsxXNXz1kNfJrhV&t=388s"
有一次小六遇到一個計程車司機問他晚上有沒有空，因為有一個女生每次都會約他的車去很遠的地方，她每次又都會先付錢，所以也不能拒絕，但這次真的太遠了，請問這次要去什麼地方？,墾丁,"3:13
https://youtu.be/-bQ_w1hHAMI?si=N1yBf-pfG_7JUZzi＆t=193s"
請問八毛都在他很常去吃的那家鍋燒麵點什麼品項來吃?有一次他吃不完叫老王進來吃的原因是因為他多點了什麼?,辛拉麵，多點了蒜泥白肉,"5:22
https://youtu.be/-HF3VHVtpVg?si=CiR_ad3hMycPg16c&t=322s"
"當談到玩Fallout把整個城屠光還會被觀眾罵，Leggy對此的回應是什麼?",爽啦，去死吧 (魔王笑,"24:14
https://youtu.be/x56gy20xUoA?si=tzQrfgMtsBvInBuH&t=1454s"
請問八毛在玩GeoGusser時，把拉斯維加斯的照片猜成哪裡?,莫三比克,"3:44
https://youtu.be/71HBHJEtmbQ?si=DEdR5h8UxQZFKasD&t=224s"
"以下對話的發言者配對何者正確?
(A)在烤肉店對老王說:「你不覺得他們講話真的很白癡嗎?」-鳥屎
(B)欸 名字可以自己取欸 - 老王
(C)靠!閃現上來啦 - 六嘆
(D)讓我們歡迎非常知名的實況主~，他是誰呢? ~ - 六嘆
",(A)在烤肉店對老王說:「你不覺得他們講話真的很白癡嗎?」-鳥屎,"1:33
https://youtu.be/b7iT87g3gsU?si=ruvO_aVG8LeSKV-b&t=93s"
"腦筋急轉彎
看到殘血的塔，猜一家餐廳。",饗 A Joy,"17:10
https://youtu.be/bMeWcptJvPU?si=C7_OhtxSzzReLNjt&t=1030s"
"請將下列四首歌依照影片觀看次數由高到低排序
(A)《CatWalk》- 鳥屎&XICO ft. 阿樂
(B)《大麻煩》阿民&鳥屎
(C)《新不了情&眼底星空》- 鳥屎
(D)《Rewrite The Stars》- 浠Mizuki & 鳥屎
",(A)>(D)>(C)>(B),https://youtu.be/sv312zqP3ro?si=QE_FdvcIdkxkh3cg
請問小六說猓玀苑的什麼東西如果再不改的話，員工都要換人工膝蓋了?,樓梯,"1:48
https://youtu.be/X7DErqqRaE8?si=k0rlaZ0qv6ysyT6r&t=108s"
小六在聽五月天的演唱會睡著的時候，請問老王轉頭很大聲地問李迅什麼?,他是低溫致死了嗎?Σ(°Д°;,"14:28
https://youtu.be/UV32clSfR0s?si=8ZrsxIVG_hh9RVsH&t=868s"
請問八毛把筷子插在什麼蔬菜裡，蓋子也沒蓋，放了一整個晚上?,地瓜葉,"30:01
https://youtu.be/MOWm4gelL1A?si=s3n9clisrQtbtfiW&t=1801s"
請問Fick在疫情lockdown期間一直煮什麼料理，而且越煮越好吃?,咖哩,"6:15
https://youtu.be/D9PZATJGhB8?si=lFLvcCtzXZ-o-Vwl&t=375s"
我還可以跳舞咧ヽ(́◕◞౪◟◕‵)ﾉ 這句話是六嘆在什麼情況下講出來的?,喝醉的時候,"1:30
https://youtu.be/NjX_cEHBsH0?si=8ZUeW-vy451GbCeC&t=90s"
六嘆有一次超想拉肚子的時候，在全家的廁所外面等了5、6分鐘，最後是一個外勞出來，他才進去爆噴，請問他是怎麼知道他等了5、6分鐘?,因為外面蔡依林的歌播了三條,"1:17
https://youtu.be/4n-YRAGAyQQ?si=rXUFRrOGbucASKs5&t=77s"
"請問Fick買的健身椅子前3個月的使用率為多少次？
(A)2>3 >4
(B)4>6 >9
(C)2>7 >10
(D)2>5>8
",(D)2>5>8,"6:31
https://youtu.be/FZhen42CXmk?si=EmL-fqLygamxNVlx&t=391s"
"請問敢不敢系列第三集 part.1，小六他們去六福村並沒有玩什麼設施?
(A)決戰墓碑鎮VR
(B)笑傲飛鷹
(C)老油井
(D)急流泛舟
",(B)笑傲飛鷹,"3:17
https://youtu.be/6CHpPgAQ8uM?si=sdCj7WGqnOElbeuE&t=197s"
請問六嘆有一次疑似夢遊，一覺醒來發現下半身全裸，隔天發現他把內褲放在哪裡？而老王推測他的屁股裡有什麼？,內褲放在冰箱裡，屁股裡有吹風機,"16:59
https://youtu.be/vwk3vcQqCSQ?si=oh5TBlQTUHE-b0x9&t=1019s"
有一次鳥屎他們買蔥油餅的旁邊買了一瓶飲料叫矮肥短，請問[矮肥短]是什麼英文單字音譯出來的?,everyday,"16:17
https://youtu.be/RZmRzOzG_qg?si=AoRhFMcJv9NNoohT&t=977s"
請問老王有沒有去大嘻哈時代2的演唱會?沒有去的話，為什麼?,沒有，因為他確診,"4:40
https://youtu.be/cil9tjqCNh0?si=FELQ1D8X6JaJptiZ&t=280s"
請問老王是看什麼動畫的第二季哭到針眼要爆出來?,刀劍神域 第二季,"2:14
https://youtu.be/nSXJPNxYtvw?si=YccikdKxZPpb34yX&t=134s"
請問在小熊做的有關自由新鎮演出的噩夢是油條在台上亂講什麼動畫電影的台詞?,冰雪奇緣,"10:49
https://youtu.be/hN4hmDYbUJg?si=5c-eTm9jl1FAY1mG&t=649s"
請問鳥屎對小六MV評語是什麼?,用草東的景，拍大壯的MV,"4:36
https://youtu.be/2qgZutFMvvo?si=ZzX4T5OiSlVNjEUa&t=276s"
請問是哪位日本人會在排戲的時候突然跑過來拍鳥屎肚子說:「でぶちゃん(小胖)」,片山陽加,"2:51
https://youtu.be/AZ8lmKniT3o?si=IMgucbkwOgXO5ci2&t=171s"
六嘆以前在學校趴在課本上睡覺流口水，結果一驚醒的時候直接把一頁撕下來，黏在他臉上，請問他接下來做什麼事來掩飾尷尬?,趕快把紙拿下來，拿尺壓著把接下來的第2、3頁也撕下來,"14:58
https://youtu.be/0cLAkStZJFQ?si=ZDEj0mjyP5ceHFeO&t=898s"
請問小六說他是因為誰抱著他，所以他才敢玩那些恐怖遊戲?,Fick,"1:23
https://youtu.be/2hUPYcyOxOM?si=nsYq4djwJWUrMl8i&t=83s"
老王接到顧客要在猓玀苑訂位的電話後，說明他們只有網路訂位，但顧客抱怨網路上都是滿的，請問老王接下來差點脫口說出什麼?,呃⋯那怎麼辦呢?,"14:22
https://youtu.be/aKdmLVX0aMM?si=ffRupvgzyjxaralv&t=862s"
"請問是誰把
「看在你說自己是女生的份上」
講成
「看在你說自己是女朋友的份上 」 ?",六嘆,"3:32
https://youtu.be/vMD-9PqiY-I?si=XofatXwYDBSMTvO2&t=212s"
請問艾瑪史東、艾瑪華森、克蘿伊以上這三個女演員，鳥屎最喜歡哪一個?為什麼?,艾瑪史東，因為她嘴巴很大,"11:32
https://youtu.be/z2KaAOADGQk?si=hU2Fz8JqJrHs6gRC&t=692s"
請問哪兩位實況主在Twitch每5個訂閱就多送訂閱的活動中，因為是自己送自己訂閱，所以拿到5+0?,小六和Leggy,"3:20
https://youtu.be/tfuWKLSqWWg?si=9EcE5qMzzPKw97XX&t=200s"
請問老王他們去吃酸菜魚的時候，店員喊了什麼口號?,不發限動，魚會難過,"5:04
https://youtu.be/YqkjMHXYavk?si=klKjPxWVCzvHj1hP&t=304s"
請問老王說他過年的時候會進行什麼食物的馬拉松?,平安粥,"11:12
https://youtu.be/ipLlSWiJZtw?si=cB83CO4P33YxKaYg&t=672s"
請問六嘆開玩笑說如果遇到海底撈要拚翻桌，就在Pad上按一個什麼食物，然後跟店員說:「看看你的同伴。」,豬腦,"3:11
https://youtu.be/P6IEBqEvwWM?si=RzbOuzjgw1RrI4sg&t=191s"
請問老王把手肘講成什麼?,手的膝蓋,"3:42
https://youtu.be/1yItpixpcQo?si=rLfG4wgdkyw5HUEk&t=222s"
請問【十月的風箏】、【傳說中的占卜師】分別是誰以前取過的遊戲ID?,小六、老王,"1:15
https://youtu.be/WT63IpI6vfo?si=ZLM9bP4xSBTFWHMe&t=75s"
請問統神去麥卡貝尾牙，一坐下來就問怎麼沒看到什麼食物?,龍蝦,"5:07
https://youtu.be/uNiF6BGRH4I?si=dJWm-w-yxgRDVUmc&t=307s"
請問老王跟八毛是跟哪位饒舌歌手一起去逛G8，而且老王跟他進去色情遊戲區的時候，正好幾乎每攤都在火熱的畫面？,wannasleep,"9:30
https://youtu.be/cQDapnIKS80?si=ao73wNt-NcbXDH7r&t=570s"
請問是誰在yahoo奇摩知識+問泰綺思冥想曲在哪些電影、連續劇出現過?並且還特別註明不用回答哪一部日劇，因為他已經擁有了?,泰綺思冥想曲，交響情人夢,"1:04
https://youtu.be/gY-jLVEhwQI?si=ATiscE1EANGk0am1&t=64s"
"在2018春酒猜人名大賽中，請問老王的題目的那個遊戲角色
他有點餓嗎?",蠻餓的,"7:51
https://youtu.be/lT0XR8tgsVU?si=mXySbV0sKaG-MCHp&t=471s"
"請問顏顏並沒有與下列哪個人在現在宅知道同台?
(A)蔡亞恩
(B)偷米
(C)飽妮
(D)鐵牛
(E)阿北
",(D)鐵牛,https://youtu.be/HykH2um6CCM?si=s1lD1wzCQqfZQlIa
老王做了體檢後發現他的維生素D不夠，所以買了液態的維生素D。想到八毛的維生素D一定也不夠，所以滴了幾滴到八毛的碗裡，八毛問這是什麼，老王回說:「___(三個字)，愚人節快樂喔。」請問空格裡面應該填什麼?,蠶豆汁,"19:25
https://youtu.be/ck6KRL721to?si=WdNNQ-658JrmkTP8&t=1165s"
"請問鳥屎在第一屆無邏輯大賽中因為重複說了哪個名詞而被眾人調侃?
(由yu__3702提供)",太空梭,"8:52
https://youtu.be/wD9YP_7sfjc?si=ornCmP5OtCix5utR&t=532s"
請問以前小六跟找不到路的六嘆說什麼?,「我會把衣服脫光在路邊等，你看到猛男就可以轉彎了。」,"7:29
https://youtu.be/qjUqUiWK3RY?si=t7z9qy6uZki6N1Gn&t=449s"
請問在默契大考驗中的「請講出一種味道」這題，小六和李迅有沒有挑戰成功?,沒有,"9:08
https://youtu.be/Ii0WGMAoAXk?si=ZnE3t_M2WCK4dKYS&t=548s"
請問在餘震的時候，老王抱著八毛學甄環傳說什麼?,這日子到底什麼時候才是個頭阿｡ﾟヽ(´Д`)ﾉﾟ｡,"4:33
https://youtu.be/hcAluNFA0Lk?si=aQMiZE1kZsItz6e2&t=273s"
請問什麼是咕逆U羅?,GU,"1:55
https://youtu.be/f1WqTt9ghrk?si=ZFwqVi7BcJMhO62H&t=115s"
請問鳥屎覺得提拉米蘇上的巧克力粉是像會陰的味道嗎?,不是，是屁縫的味道,"15:54
https://youtu.be/pUPcYJTJT9s?si=Zfrwcur6aealLQZF&t=954s"
請問李迅和小六有沒有收到施工送的蛋捲?,沒有，只有鳥屎他們收到一大盒的喜年來蛋捲,"4:45
https://youtu.be/tqh_MXmOwm8?si=L-DcYZfXVPRAgASd&t=265s"
有一天老王去鳥屎家拍工商照，鳥屎先去遛狗。過了大概5分鐘，老王聽到有人走上樓的聲音，他直接對著樓梯間喊「__?」結果是一位PChome的快遞員，要送包裹給顏顏。請問空格裡面的兩個字要填什麼?,咋啦?,"27:32
https://youtu.be/z3ESZLMnlWg?si=kAzXSTa43uPh3Llv&t=1652s"
請問老王玩瓦羅蘭的時候，聽到隊友講了什麼，以為隊友在罵他，但六嘆推測應該是在講 chamber low?,鄉巴佬,"11:56
https://youtu.be/JfgjGCmOfzI?si=F9izllTyyBoq1mUm&t=716s"
"請問老王的哥哥開的飲料店是什麼品牌?",圓石禪飲,"8:16
https://youtu.be/msh1MlaeMpQ?si=KJcLbfWtsvulNZHg&t=496s"
八毛有一次跟老王的家人吃飯，直接請了1萬多塊，所以鳥屎怎麼稱呼他?還有老王在那一餐遇到誰?,八毛是大龜頭，遇到鳥屎,"2:47
https://youtu.be/pr__cG111xw?si=IZkdMI9muspAGujc&t=167s"
請問Leggy牛排都吃幾分熟?,五分熟，而且中間要有一點沒熟,"35:15
https://youtu.be/8gQ5eOo7NLo?si=2-5UkvbZv_0aUt9o&t=2115s"
請問小六如果想要作夢的話，他就會睡在哪裡?,客廳,"6:36
https://youtu.be/d4zb1zQoZ40?si=3gnWlvr136KPDr8_&t=396s"
有一種說法是「甘蔗男」，就是形容一開始很甜後來很渣的男生。依此類推，老王形容八毛是什麼男?八毛形容小六是什麼男?,"八毛是苦瓜男，小六是釋迦男或波羅蜜男","8:04
https://youtu.be/MG3-uugp-f0?si=sZTXUIzd4VoEeAPa&t=484s"
請問小六在2026年去日本滑雪的時候迷上什麼?,柏青哥,"0:44
https://youtu.be/ue90jE-MWiQ?si=jDFOU84HbCjrc4On&t=44s"
在 LNG精華:無限死鬥的書偉歐齁 裡，請問老王本來提議要所有人一起選哪隻英雄，還特別提醒大家不要ban他，結果自己一進遊戲不小心就ban了?,拉克斯,"15:58
https://youtu.be/LC4aVANwnHo?si=XM-HsBOcGvu7UHjx&t=958s"
請問老王第一次約打完排球，一邊跟大家從球場離開，一邊說了什麼，所以被發現是機器人了?,下次我要穿一雙比較合身的腳來。,"15:32
https://youtu.be/kbCZ5vnOyXc?si=kqoyGCajKarKynMa&t=932s"
"有一天下午老王在FB開直播和油條玩遊戲，有一個15歲的青少年進聊天室問:「這是什麼遊戲?」老王就回答。過了一下下，他又問「遊戲名稱是什麼?」老王跟聊天室都再回答一次。又過了一下下，他又問:「遊戲名稱到底是什麼啦?(ﾒﾟДﾟ)ﾒ」
請問老王在玩的遊戲是什麼?",動物大逃殺,"4:50
https://youtu.be/x56gy20xUoA?si=Mo_AtH5HFUQc7Keh&t=290s"
請問阿里山的姑娘都騎什麼?,Gogoro,"1:04
https://youtu.be/c2TISF7T23A?si=-CM0uxL6IGCpbbGw&t=64s"
"老王和八毛有一次遇到有人在外面很用力地拖著貓咪走，請問下列哪個行為並是他們如果再遇到會採取的?
(A)八毛會拿石頭砸他
(B)八毛騎機車撞他
(C)老王拿八毛丟他
(D)八毛拿附魔過的拳頭打他
(E)以上皆是
",(E)以上皆是,"4:02
https://youtu.be/dklg8s3PXkM?si=ky3eBthAe688S6S-&t=242s"
請問鳥屎說的 pon pon way way way pon pon way pon way pon pon 是指工商的哪款遊戲?,砰砰法師,"0:30
https://youtu.be/ZkPw-V1ST8s?si=6UEXllo1CQGJDHMd&t=30s"
老王以前在櫃檯工作期間遇到一個阿姨要申請東西，那個東西要等7個工作天公司做好寄來，但那個阿姨七天整就來催，還拍桌抱怨。她要走的時候還murmur說:「有夠差，都已經七天了還沒做好。」然後老王就補了一句:「阿姨，六日沒上班喔，只能算五天。」請問接下來這個阿姨轉頭瞪老王然後說什麼?,"你再說一次試試看","2:44
https://youtu.be/k5Le0o7T-RA?si=74fEPHemz0PPYDiM&t=164s"
請問老王被賦予了什麼稱號來彰顯他的難揪程度?,不動老王,"4:48
https://youtu.be/ADTFo3ta1YE?si=v8gtWW_hnBEE39uZ&t=288s"
請問翔語裡的「乾蝦」是什麼意思?,顏射，指將醬料直接射在食物上,"9:39
https://youtu.be/oea4_iBvckE?si=ZYffURz69_fkdBxc&t=579s"
請問八毛曾說哪個縣市沒有鐵板?,高雄,"9:40
https://youtu.be/ZEnj5v5KYzY?si=Rg57sbG9y6wSBU1H&t=544s"
請問通馬桶的那個東西叫什麼?小六家的那個東西底部長什麼樣子?,搋子，小六家的長得像幽浮,"5:20
https://youtu.be/b7ytCDNdfSQ?si=93FeOwMh8uEb3W82&t=320s"
在小六和李迅的婚禮中，請問李迅要開始上廁所、要二進、要逐桌敬酒的代號分別是什麼?,"要開始上廁所-翡翠放水
要二進-蛇準備脫皮
要逐桌敬酒-逐桌敬酒
","11:06
https://youtu.be/8aChE_dnK5Y?si=U-H7REnC-p5RIDPr&t=666s"
當聊到迦恩的狗跟燒餅一樣會吃貓砂，六嘆說迦恩的狗覺得貓砂吃起來是____佐____?,Tapioca佐shit,"11:46
https://youtu.be/axp8ZNDbYK0?si=06go_VMHSTOmpwZd&t=706s"
觀眾問鳥屎喜歡什麼類型的女生，鳥屎回答跟魯蛋一樣，請問魯蛋喜歡什麼樣的女生?,頭髮長、ㄋㄟㄋㄟ大、口袋深,"0:10
https://youtu.be/YfxYkT0gnvU?si=SFLAKvGiSlNRPh4S&t=10s"
"請閱讀以下文字完成填空
六嘆:
下面就有那種色男就說可以認識你嗎?
我是臺灣人 我36歲 我單身 這樣子
然後她截自己的文，然後說
笑死 我爸也才37
_________(7個字)
",幹你娘我38啦(ﾒ 皿ﾟ)ﾒ,"7:32
https://youtu.be/TmMGhLfraic?si=-_vY4yhv60Qlp8pk&t=452s"
"請閱讀以下文字完成填空
六嘆:
那是因為我們已經很熟了
所以我們知道大家的分寸在哪邊
可是我們不會跑在路上就隨便跟一個不認識的就開玩笑說
欸白癡  ___(三個字)之類的
",臭包皮,"0:46
https://youtu.be/fFOVIfH0GXQ?si=0JYdyGf83jxwisKx&t=46s"
請問在討論什麼是豆大福的時候，有提到哪個人名？,鈕承澤,"1:49
https://youtu.be/GyjZYIAxGYo?si=KF754H1_3wio6c_x&t=109s"
在動物森友會裡，請問摸誰她就會給你方程式?鳥屎對她的評價是什麼?,傅達妹妹，怎麼這麼破阿,"23:46
https://youtu.be/x56gy20xUoA?si=yVX8yZ3XHXOTcrKA&t=1426s"
請問在LNG中，藍色學校的最後倖存者是誰?,老王,"0:13
https://youtu.be/yyZzuLMVnHo?si=ioE38tt0X4kdSKcB&t=13s"
排練自由新鎮的時候，鳥屎提到明天要順走，並且會有6家媒體來看排練，所以大家哀鴻遍野，請問六嘆接下來講了什麼，展顯了一點幸災樂禍的心情?,他們是伊澤瑞爾嗎 為什麼要瞬走?,"26:19
https://youtu.be/aK5Bm2wlBYs?si=VDPh9z3Va6-umnbC&t=2359s"
請問老王提議各位遊戲設計者可以添加什麼職業，技能是在短時間內造成單體大量的傷害，三回合後對方攻擊力和防禦力都會強效上升?,物理治療師,"15:23
https://youtu.be/lSaJqtwp9xc?si=VaATUqJXnyuqIVcM&t=923s"
在2022年，鳥屎說他在躺著不要動比賽中應該輸定了，但他家的兩隻寵物一起出馬的話應該沒有人可以贏，請問這兩隻寵物是指誰跟誰?,Fick跟燒餅,"14:10
https://youtu.be/ot-CoAYgjBI?si=xi96aXYDKUexgdJe&t=850s"
請問藍亦明在Yahoo奇摩知識加問過什麼問題?,New era 的帽子怎麼戴比較好戴?,"0:27
https://youtu.be/RMRprLmAWw4?si=4M6BsjM4YoR8YZUb&t=27s"
2020年，老王有一天發燒，就密鳥屎說她發燒了，結果鳥屎回她哪兩個字?,革職,"17:11
https://youtu.be/iAQj3X_Gaew?si=uEz-mTXLoyKDUQzi&t=1031s"
請問Leggy在2014說他對汪東城的印象只有什麼?,彈吉他,"17:37
https://youtu.be/8jerr3nq000?si=JaksWkR8rYTRFphY&t=1057s"
老王有一次不小心把「傳」講成「床」，請問她接下來講了什麼，所以讓六嘆不好意思嗆她?,床的世界 love world,"0:53
https://www.youtube.com/watch?v=srxw4xU0cMA&t=52s"
在自由新鎮中，老王是扮演一個偏向溫柔大姊姊的角色，所以在下戲之後與其他人玩遊戲時，不小心嚇到其他人的觀眾，請問是哪一個實況主的觀眾被嚇到?,小葵,"14:25
https://youtu.be/qicTVFBnyyM?si=vIawD4WTrJVIlZN0&t=865s"
請問老王是問八毛要吃什麼東西，但八毛覺得那個太油不想吃，還跟老王翻臉?,肉燥飯,"21:35
https://youtu.be/MOWm4gelL1A?si=_cl0UUpVQ0bwGpd3&t=1295s"
請問在 LNG 實況精華：38滴穢語師傅 中，最後拿到Highlight的人是誰?,八毛,"5:52
https://youtu.be/YQ_NK0NAb8I?si=x8JxCuaB_zPqehD3&t=352s"
"召喚師互罵會降低勝率多少?
(A)8%
(B)13%
(C)16%
(D)20%
",(B)13%,"8:03
https://youtu.be/IcrqGoylPgQ?si=Ccygy-U-gokhVnED&t=483s"
鳥屎有一次收到一個不知道誰寄的酒，他不敢喝。後來他拿去誰家吃飯的時候給他喝，過了20分鐘後他自己才喝?,解婕翎,"5:01
https://youtu.be/z2KaAOADGQk?si=V_kEn3pSYaJxyubb&t=301s"
小時候六嘆去鳥屎家吃飯，鳥屎吃不下，所以六嘆就吃兩大碗，而且又不嚼，又大喝檸檬紅茶，結果就噎到。鳥屎的爸爸就灌六嘆一個黑色的粉，他就全部吐出來。請問他們那個時候在吃什麼?,米粉,"34:24
https://youtu.be/CMknq4e8c0I?si=6RDfC0n62v4ev1D4&t=1464s"
請問Leggy說冰淇淋的什麼口味是老人口味?,百香果,"5:38
https://youtu.be/0bzi4LCs6v4?si=nHs0mzxXWCipmex-&t=338s"
"請問當鳥屎模仿電台主持人問:「請問高雄陳小姐七夕情人節想要對你的伴侶說什麼嗎?」
老王回了什麼?",操你媽有回音阿,"0:30
https://youtu.be/x6x3h2InEcA?si=uvCC8SCGfebTJbmM&t=30s"
鳥屎說他吃蘋果連梗都會吃掉因為怕直接丟垃圾桶會生果蠅，老王就提議可以把梗握在手上，然後怎麼處理呢?,等到下一次擤鼻涕的時候，再把它包進衛生紙裡，就不會有果蠅,"30:40
https://youtu.be/bkTY8wh1MVM?si=xLIixOYHRbnwNDtN&t=1840s"
老王2025年初的時候有設定一個目標表，所以大家就提議把今年目標講出來，而且大家不能評論。請問八毛、小六、老王的目標分別是什麼?,"八毛-練到四轉
小六-賺到明年可以出國的錢
老王-減脂十公斤","23:46
https://youtu.be/-N0yy58jSFw?si=pjiGrFQAIRqAVRDa&t=1426s"
"Leggy:
「你們這樣 你們沒有___(三個字)你們總有一天會因為這樣子冷死的。」
「我現在冬天脫褲子坐下去都會微笑。」
請問空格裡應該填什麼?",暖屁機,"7:50
https://youtu.be/7iTP9bdvPSE?si=5VxG1rUgmHus-sqM&t=470s"
小六搬家的時候，老王很認真的幫忙找了超便宜的冰箱和洗衣機，請問八毛也送給了小六什麼?,一個小時的困擾,"3:00
https://youtu.be/Q5eo6SqBT0g?si=3R8dEsyYhKes2y7E&t=180s"
請問老王如果中一億(不是30億)的話，除了幫鳥屎找一個專業團隊規劃一個完整的隔音設備，還有說要幹嘛?,在台北市中心買一棟房子，然後拿投石機把它催毀掉,"6:07
https://youtu.be/_95fIiUOIfQ?si=rx3NADrt_eyiRgPS&t=367s"
老王發噗說想要買很多東西，鳥屎突然很積極地問說想要買什麼東西，老王覺得很奇怪，但鳥屎一催促她，因為他要做報告，請問鳥屎要做什麼報告?,報告名稱是 朋友五月生日不知道要買什麼，只好直接用問的,"12:18
https://youtu.be/0VY4YZ55jn0?si=Sc0tOcz_wKKsE_Dc&t=738s"
請問鳥屎2025年原本計畫要開多少小時?實際上又開了多少小時?,預計要開400小時，實際開了211小時,"10:44
https://youtu.be/HI2iJ4G74n4?si=lriiGAE1RYQdIEx2&t=644s"
請問六嘆在回顧上一次看的演唱會是誰的時候，忘記了自己去看過哪兩場演唱會?,大嘻哈時代和ØZI,"1:08
https://youtu.be/bLBUf8BMKcI?si=xMzaw2d7eTcuTWzw&t=68s"
在討論小六家電費的問題時，請問鳥屎推測可能是他們家附近的什麼工廠在偷他們家的電?,爆米花工廠,"8:51
https://youtu.be/ai5N0C1Dzm4?si=vcfCQYviroC_Uz8g&t=531s"
請問當被問到大甲在哪裡時，請問八毛回答什麼縣市?,宜蘭,"17:15
https://youtu.be/nSXJPNxYtvw?si=ARwcH-fI89e9G_E0&t=1035s"
鳥屎有一天點消夜的時候看到紅燒赤肉跟紅燒五層肉，令他很好奇差別在哪裡，所以他兩個都點了，請問它們的差別在哪裡?,肉不一樣,"0:50
https://youtu.be/B-s8ksEej9Q?si=t2QtvDtini3fNaiR&t=50s"
請問六嘆形容芋丸是什麼?,小小大星球的玩家,"11:41
https://youtu.be/6Uvi32DxD48?si=_NAdPiVGoGKBUzdh&t=701s"
請問以八毛而言，用海底撈來比喻的話，如果很恐怖是麻辣鍋，八號出口大概是什麼?,胡椒豬肚,"13:49
https://youtu.be/X7DErqqRaE8?si=aWp2S11hwMGgp0D8&t=829s"
老王提到五月天要出重製版的擁抱，鳥屎本來要故意唱超低音的擁抱，結果不小心唱成什麼了?,離開地球表面,"20:45
https://youtu.be/Uzde33aQaY8?si=lGzQiTU8WmM8fOr1&t=1245s"
當討論到狄鶯的Twitch ID時，八毛講了一句:「1989年，我們是不是有人是1989阿。」請問LNG中有誰是1989年生的?,老王,"7:04
https://youtu.be/VIFXG6d22ng?si=rvr-MbIqtqIij8fp&t=424s"
請問老王追的韓國男虛擬偶像團體叫什麼名字?,PLAVE,"0:08
https://youtu.be/-N0yy58jSFw?si=cZmmsAiqRmsj-dMi&t=8s"
請舉例什麼是血刃科技?,它又名為超前沿科技，形容那些需要大量資金與資源投入才能做，但是還不知道有沒有辦法有成果，例如電子郵件。,"16:56
https://youtu.be/f45OCO7VtHs?si=ERSzYvC0udKLpogP&t=1016s"
"以下皆為港片的臺灣配音版台詞，請完成填空。
要記得喔，當作是__(兩個字)喔。
你的表情實在有夠__(兩個字)。
","螃蟹
變態","7:44
https://youtu.be/F2OP8g6SraQ?si=Euo8-wwaj7xwqPyO&t=464s"
請問鳥屎說他在2017見過最有趣的人第一名是統神，第二名是誰?,許孟哲,"0:48
https://youtu.be/3nd0M8_9xVA?si=Czb1M8ANcsU--IM5&t=48s"
請問八毛當兵每天都吃一罐什麼?,波卡,"4:24
https://youtu.be/eqbIjL1jUvs?si=N6g8eoFn2we5RrPq&t=264s"
請問小六是含著什麼樣的湯匙出生的?,臺語的湯匙,"7:30
https://youtu.be/zH7jRdJXPWI?si=KPGf4NttQy3oFPUd&t=450s"
老王的媽媽突然問說八毛喜不喜歡吃柚子，老王覺得八毛懶得剝，老王的媽媽就說要剝給八毛吃，請問老王的媽媽為什麼對八毛這麼好?,因為柚子放到快爛掉了,"18:40
https://youtu.be/0VkeMd-hNnI?si=C2U5E6Oj6lz_JQ1i&t=1120s"
請問是誰在日本不敢跟小六泡溫泉?,微疼,"5:28
https://youtu.be/-bzuLg3wKqk?si=S48ldmRLxOy3-A_y&t=328s"
請問爾康跟誰對線?,風女,"10:07
https://youtu.be/OZhlub-hzss?si=5Oox_tUomZiONtjS&t=607s"
請問鳥屎不在的話，LNG的目標是什麼?,報金鐘,"0:00
https://youtu.be/cO4B-Q6MUMk?si=7vaDOURv70CXhHvy"
請問老王想去的星座批鬥大會open-mic是要批鬥哪個星座?,牡羊座,"6:06
https://youtu.be/tajM8tQx6uA?si=5hRMaeV20ozxirJX&t=366s"
請問八毛用了什麼成語在誇讚自己喝了超會拉肚子的韓國李子汁，身體還沒有任何反應?,鐵石心腸,"35:52
https://youtu.be/VoTpSDmQPcg?si=Y4_lr7JbThGlffYX&t=2152s"
請問觀眾提議本里每天晚上七點都要播什麼?,麻辣鮮師,"32:08
https://youtu.be/aa5Y_6GJpP0?si=FnUaeJDl31-qcRiQ&t=1928s"
請問在李迅2026出國的期間，小六在家貫徹了哪個字?,偷,"4:07
https://youtu.be/cmyze95_Q4o?si=vkl0Jlx3uLuGfwil&t=247s"
"請完成以下對話的填空。
老王:小六要女裝我想想…… 應該比鳥屎容易喔。
鳥屎:屁啦……他長那麼___(一個字)ヽ(`Д´)ﾉ
老王:可是你們兩個長一樣啊。
",錐,"14:22
https://youtu.be/4jULheQueKg?si=ntGZ3f0naVluPp1K&t=862s"
請問陳奕迅的K歌之王第一句是：「我以為要是唱的用心良苦。」的原因是什麼？,因為他的前奏跟用心良苦是一模一樣的,"7:28
https://youtu.be/AQvvN1m7BRM?si=SDvh2pCXcJGlNetP&t=498s"
"請完成以下填空。
八毛：
小六你是真的有一點相信嗎？(世界末日預言)
還是你只是找個機會想要_______(五個字)？
",去Costco爽一下,"2:50
https://youtu.be/hio1pOd7Dfw?si=dovFpcag8q3U8Z6W＆t=170s"
請問老王聽到幾個小學生在seven要買什麼東西，讓他覺得很感動他們的童年有一部分重疊了？,思樂冰的杯子,"10:01
https://youtu.be/UXvrpvpR_-4?si=pijw-oRhEH65vqVc&t=601s"
請問老王想要靠鳥屎紅了去認識誰?然後想要靠KJ紅了去認識誰?,"鳥屎紅了去認識五月天
KJ紅了去認識熊仔","5:18
https://youtu.be/15HpiGpl3NQ?si=oefK_-gFZRqWPbGP&t=318s"
老王有一次在食記看到高雄有一個什麼炒飯，讓她感到十分驚奇?,蜂蜜蛋糕炒飯,"10:08
https://youtu.be/048chpMyhsQ?si=GgEs0qUkDc-16jGe&t=608s"
請問如果六嘆的腦袋只有高爾夫球大小，那觀眾的腦袋就跟什麼一樣小?,BB彈,"6:33
https://youtu.be/iB4dbPjPhuY?si=sv5_yKMrtr797mBT&t=393s"
老王提議六嘆可以在沒什麼人的時候去康是美請店員幫他量代謝率，那請問鳥屎提議六嘆可以穿著大衣在沒什麼人的時候去康是美請店員幫他量什麼?,雞雞的長度,"2:12
https://youtu.be/SBInQvSM2Lg?si=wYE9M09tivWnCIu4&t=132s"
有人問老王說，如果遇到一個人唱歌都會有一個小問題，但他唱得不錯，這個問題也不是說很重要，你會跟他講嗎。請問這個小問題是什麼?,把「人」唱成「稜」,"20:16
https://youtu.be/X7DErqqRaE8?si=3tvbXTvgfSqJHHwC&t=1216s"
請問什麼料理最簡單也最困難?,"蛋炒飯","1:45
https://youtu.be/4qXCF649B4w?si=_5iuExqKVdCaEaQp&t=105s"
請問涂晉峰太郎的師傅叫什麼名字?,峰須賀正勝,"3:56
https://youtu.be/UvvtH68eBzo?si=kVvio9_248ZR8ygm&t=236s"
鳥屎有一次在作弊日很想要吃taco，請問在早上十點到晚上十一點半，這十三半小時期間，他吃了多少個taco?,17個taco,"22:28
https://youtu.be/YS-FG2rPxvA?si=4WGAUSFdZz4MuseA&t=1348s"
"請完成填空。
眾人在討論最近地震越來越頻繁
老王:他有說那個阿，就是我們開始進入地震的那個活躍期了不是嗎?
小六:可以叫他不要活躍嗎?
八毛:可以叫他跟______一樣嗎?(6個字)
",FB的觸擊率,"1:00
https://youtu.be/qVlanuaitw8?si=gbRUZbMb3vYACHqc&t=60s"
"請完成以下填空。
要是我的女人今天沒吃到___，我要你們全部的人陪葬!!!(三個字)
喂，女人，跟我去台北火車站___。(兩個字)","i珍食
乞討","16:48
https://youtu.be/FcmnX9fpBQQ?si=B8uc-PB_-JoYRsqN&t=1008s"
請問鳥屎認為全台灣點鳳梨蝦球會把鳳梨吃掉的人加起來應該不超過幾個?,七個,"15:40
https://youtu.be/klIuUlstB_I?si=DYlEBrFZo2APL9gk&t=940s"
"鳥屎的舅舅是那種講話屁屁的直男類型，跟小六說:「小六，小六，這邊我最大啦，我是阿舅啦。」
請問小六因此稱呼鳥屎的舅舅叫什麼?",舅哥,"4:52
https://youtu.be/P3mgMHC75_I?si=cel_uy5edRvlHoOd&t=292s"
有一天凌晨，鳥屎打電話給小六，但響了兩聲就掛斷。過了五秒，李迅的手機也響了，一樣響了兩聲就掛斷。請問鳥屎為什麼會這樣做?,"因為他喝醉，響了兩聲感覺像響了五聲
所以鳥屎想說應該兩個人都睡了","10:32
https://youtu.be/Xk-yDPBN48E?si=GhUL-5upUoQ4bM_D&t=632s"
"被問到如果像海尼根廣告裡面，朋友帶你去一間放滿什麼東西的房間會讓你興奮地大叫，老王的回答是什麼?",提速的蟑螂,"7:21
https://youtu.be/hG0eD1qUrmI?si=u-v3ruPl4KdTGpJj&t=441s"
請問小六、老王、鳥屎它們三個人過馬路時看到的那家店店名叫什麼?,胖子逃跑,https://www.instagram.com/reel/DXyYcoEyP_U/?utm_source=ig_web_copy_link&igsh=MzRlODBiNWFlZA==
請問在模仿爬山工商SOP的的文案中，只要在30分鐘內爬到山頂的話，就可以抽什麼?並且文案裡的「這麼划算的活動，還不____。」請問空格裡應該填什麼?,"Switch
爬爆763","12:49
https://youtu.be/yH4ty0B0HXQ?si=jzaugW4LryboaU5C&t=769s"
請問八毛第一次確診的時候，跟什麼美食擦肩而過?,烤鴨,"26:28
https://youtu.be/nQIa6dmRy2c?si=LqxESCNaJFbrMWVy&t=1588s"
請問為什麼老王小時候曾經想要當體育老師?,因為被體育老師打過，所以長大想要打回來,"11:13
https://youtu.be/Gio56Y0Gv4M?si=34RsNXdRoAlMTuJv&t=693s"
老王只要一累，他就會覺得自己是定點，但房間在旋轉，請問觀眾說這是什麼病?,房間旋轉症,"5:33
https://youtu.be/ry1jMkJgklQ?si=jFlWUA160Xxw7BeY&t=333s"
"請問鳥屎形容哪一個頻道是食物界的Swag?

由utimhaha提供",Terry Films,"0:04
https://youtu.be/lLunCyf3ic4?si=QUzjCgFgD_Y1b_3c&t=4s"
老王在台中的時候遇到兩個日本人在等公車，他發現他們的公車至少還要等一個半小時，所以老王直接邀請他們一起搭Uber。請問在Uber上，老王除了時不時開啟Uber的介面比劃給他們看，還做了什麼事來表達他不是壞人?,打開Monster Hunter Now,"2:46
https://youtu.be/7uC-gyckV1c?si=sSyeuY4R_wyBZp5G&t=166s"
請問唐朝阿土是誰?,白居易,"15:51
https://youtu.be/Y7Z7SWXjdNA?si=zTf2t4dSmNNUNuxe&t=951s"
"老王傳了自己房間的照片，然後眾人在看要怎麼改造他的房間。
六嘆:可是我覺得你雜物很多欸。
老王:會說雜物很多是因為它收納空間實在太小了。
鳥屎:不是吧，是你有屯物症吧?怎麼會有____啊?(5個字)

請問空格裡應該填入什麼?","玫瑰四物飲","9:09
https://youtu.be/dnYgpFQxavY?si=dSxjXcATZmvf7ZeB&t=549s"
請問是哪一個實況主在聊天室留過「LNG團聚 台北士林法院」這則留言?,小葵,"17:50
https://youtu.be/JEVG-GKdqK4?si=dK35Xu-nNgRdjtmw&t=1070s"
請問老王在2024年末向大家發出減肥邀請，要大家發下豪語2025要瘦多少公斤，六嘆的回答是什麼?,六嘆:我不要阿,"18:18
https://youtu.be/gDr7pMCFCvY?si=TKPQCDKTP_m9X7Rm&t=1198s"
PYPD是什麼的縮寫?,屁癢派對 或是 平陽警察局,"2:11
https://youtu.be/WwQN19cpw8A?si=4-mAspd5v1N5JawF&t=131s"